event_code,participation_external_key,brand_external_key,stand_external_key,model_external_key,display_name,variant,price_text,price_confirmed,package_tier,package_active_from,photo_source,passport_eligible,test_drive_contact_requirement,test_drive_preferred_channel,publication_status,source_reference,internal_notes
elektromobilnost-2026,elektromobilnost-2026-jmev,jmev,elektromobilnost-2026-stand-jmev,elektromobilnost-2026-jmev-ev3,EV3,,Cena na upit,no,advanced,2026-10-09T00:00:00+02:00,https://scanme.rs/fair/elektromobilnost-2026/jmev-ev3-event.jpg,yes,,,draft,Izlagaci/JMEV/JMEV Mails/Re_ ScanMe podaci.eml,Probna voznja posle sajma; kontakt telefon ili email podesava se u adminu
elektromobilnost-2026,elektromobilnost-2026-jmev,jmev,elektromobilnost-2026-stand-jmev,elektromobilnost-2026-jmev-yi,YI,,31.000 EUR,yes,advanced,2026-10-09T00:00:00+02:00,https://scanme.rs/fair/elektromobilnost-2026/jmev-elight-event.jpg,yes,,,draft,Izlagaci/JMEV/JMEV Mails/Re_ ScanMe podaci.eml,Novi pravi slug; TEST jmev-elight fixture se ne dira
elektromobilnost-2026,elektromobilnost-2026-jmev,jmev,elektromobilnost-2026-stand-jmev,elektromobilnost-2026-jmev-ewind,EWIND,,32.000 EUR,yes,advanced,2026-10-09T00:00:00+02:00,https://scanme.rs/fair/elektromobilnost-2026/jmev-ewind-event.jpg,yes,,,draft,Izlagaci/JMEV/JMEV Mails/Re_ ScanMe podaci.eml,Probna voznja posle sajma; kontakt telefon ili email podesava se u adminu
elektromobilnost-2026,elektromobilnost-2026-grand-motors,mazda,elektromobilnost-2026-stand-grand-motors,elektromobilnost-2026-mazda-cx-5,Mazda CX-5,Homura,44.240 EUR,yes,included,2026-10-09T00:00:00+02:00,https://scanme.rs/fair/elektromobilnost-2026/mazda-cx-5-homura.webp,no,,,draft,Izlagaci/Mazda x Chery/MAZDA/SAJAM MAZDA CX5.pdf,
elektromobilnost-2026,elektromobilnost-2026-grand-motors,mazda,elektromobilnost-2026-stand-grand-motors,elektromobilnost-2026-mazda-cx-60,Mazda CX-60,Homura Plus,64.990 EUR,yes,included,2026-10-09T00:00:00+02:00,https://scanme.rs/fair/elektromobilnost-2026/mazda-cx-60-homura-plus.webp,no,,,draft,Izlagaci/Mazda x Chery/MAZDA/SAJAM MAZDA CX60.pdf,
elektromobilnost-2026,elektromobilnost-2026-grand-motors,mazda,elektromobilnost-2026-stand-grand-motors,elektromobilnost-2026-mazda-cx-6e,Mazda CX-6e,Takumi Plus,49.900 EUR,yes,included,2026-10-09T00:00:00+02:00,https://scanme.rs/fair/elektromobilnost-2026/mazda-cx-6e-takumi-plus.webp,no,,,draft,Izlagaci/Mazda x Chery/MAZDA/SAJAM MAZDA CX6e.pdf,
elektromobilnost-2026,elektromobilnost-2026-grand-motors,chery,elektromobilnost-2026-stand-grand-motors,elektromobilnost-2026-chery-arrizo-8-phev,Chery Arrizo 8 PHEV,1.5T 2WD Noble,28.990 EUR sa popustom,yes,included,2026-10-09T00:00:00+02:00,https://scanme.rs/fair/elektromobilnost-2026/chery-arrizo-8-phev.webp,no,,,draft,Izlagaci/Mazda x Chery/CHERY/ARRIZO 8 PHEV.pdf,Redovna cena 31.990 EUR; prikazana potvrdjena cena sa popustom
elektromobilnost-2026,elektromobilnost-2026-grand-motors,chery,elektromobilnost-2026-stand-grand-motors,elektromobilnost-2026-chery-tiggo-4-pro-hev,Chery Tiggo 4 Pro HEV,1.5L DHT 2WD Luxury,22.990 EUR,yes,included,2026-10-09T00:00:00+02:00,https://scanme.rs/fair/elektromobilnost-2026/chery-tiggo-4-pro-hev.webp,no,,,draft,Izlagaci/Mazda x Chery/CHERY/TIGGO 4 HEV.pdf,
elektromobilnost-2026,elektromobilnost-2026-grand-motors,chery,elektromobilnost-2026-stand-grand-motors,elektromobilnost-2026-chery-tiggo-9-phev,Chery Tiggo 9 PHEV,1.5T AWD Noble 315,44.990 EUR,yes,included,2026-10-09T00:00:00+02:00,https://scanme.rs/fair/elektromobilnost-2026/chery-tiggo-9-phev.webp,no,,,draft,Izlagaci/Mazda x Chery/CHERY/TIGGO 9 PHEV.pdf,
elektromobilnost-2026,elektromobilnost-2026-auto-mig,foton,elektromobilnost-2026-stand-auto-mig,elektromobilnost-2026-foton-etunland,Foton eTunland,,39.990 EUR bez PDV-a,yes,included,2026-10-09T00:00:00+02:00,https://scanme.rs/fair/elektromobilnost-2026/foton-etunland.webp,no,,,draft,Izlagaci/Foton/Foton Mails/ScanMe podaci za sajam.eml,
elektromobilnost-2026,elektromobilnost-2026-auto-mig,foton,elektromobilnost-2026-stand-auto-mig,elektromobilnost-2026-foton-eview,Foton eView,,24.000 EUR bez PDV-a,yes,included,2026-10-09T00:00:00+02:00,https://scanme.rs/fair/elektromobilnost-2026/foton-eview.webp,no,,,draft,Izlagaci/Foton/Foton Mails/ScanMe podaci za sajam.eml,
elektromobilnost-2026,elektromobilnost-2026-auto-mig,foton,elektromobilnost-2026-stand-auto-mig,elektromobilnost-2026-foton-eview-grand,Foton eView Grand,,29.990 EUR bez PDV-a,yes,included,2026-10-09T00:00:00+02:00,https://scanme.rs/fair/elektromobilnost-2026/foton-eview-grand.webp,no,,,draft,Izlagaci/Foton/Foton Mails/ScanMe podaci za sajam.eml,
elektromobilnost-2026,elektromobilnost-2026-auto-mig,foton,elektromobilnost-2026-stand-auto-mig,elektromobilnost-2026-foton-cavan-c1-plus,Foton Cavan C1 Plus,,30.990 EUR bez PDV-a,yes,included,2026-10-09T00:00:00+02:00,https://scanme.rs/fair/elektromobilnost-2026/foton-cavan-c1-plus.webp,no,,,draft,Izlagaci/Foton/Foton Mails/ScanMe podaci za sajam.eml,
elektromobilnost-2026,elektromobilnost-2026-ferum,yudo,elektromobilnost-2026-stand-ferum,elektromobilnost-2026-yudo-air,Yudo Air,Ultra,35.880 EUR,yes,starter,2026-10-09T00:00:00+02:00,https://scanme.rs/fair/elektromobilnost-2026/yudo-air-ultra.webp,no,,,draft,https://www.ferum-doo.com/product-page/jy-air,Starter je potvrdjen; fotografija preuzeta sa zvanicne stranice modela
elektromobilnost-2026,elektromobilnost-2026-bentu,bentu,elektromobilnost-2026-stand-bentu,elektromobilnost-2026-bentu-mango,BENTU Mango,L7e-CU,Akcijska cena 10.600 EUR,yes,included,2026-10-09T00:00:00+02:00,https://scanme.rs/fair/elektromobilnost-2026/bentu-mango.webp,no,,,draft,https://bentu.rs,Fotografija preuzeta sa zvanicne stranice modela; Cargo/Family su varijante istog modela na izvoru

