event_code,model_external_key,display_order,label,value,source_reference,verified,internal_notes
elektromobilnost-2026,elektromobilnost-2026-jmev-ev3,1,Snaga,50 kW,"Postojeci JMEV katalog/fixture",yes,"Ne menja se izvan nove JMEV ispravke"
elektromobilnost-2026,elektromobilnost-2026-jmev-ev3,2,Obrtni moment,125 Nm,"Postojeci JMEV katalog/fixture",yes,
elektromobilnost-2026,elektromobilnost-2026-jmev-ev3,3,Domet (CLTC),330 km,"Postojeci JMEV katalog/fixture",yes,
elektromobilnost-2026,elektromobilnost-2026-jmev-ev3,4,Kapacitet baterije,"30,24 kWh","Postojeci JMEV katalog/fixture",yes,
elektromobilnost-2026,elektromobilnost-2026-jmev-ev3,5,Maksimalna brzina,110 km/h,"Postojeci JMEV katalog/fixture",yes,
elektromobilnost-2026,elektromobilnost-2026-jmev-ev3,6,Ubrzanje 0-50 km/h,"4,5 s","Postojeci JMEV katalog/fixture",yes,
elektromobilnost-2026,elektromobilnost-2026-jmev-ev3,7,DC punjenje,30 kW,"Postojeci JMEV katalog/fixture",yes,
elektromobilnost-2026,elektromobilnost-2026-jmev-ev3,8,Dimenzije,3720 x 1640 x 1535 mm,"Postojeci JMEV katalog/fixture",yes,
elektromobilnost-2026,elektromobilnost-2026-jmev-yi,1,Snaga,118 kW,"Postojeci JMEV katalog/fixture",yes,"Model preimenovan iz ELIGHT u YI prema mailu"
elektromobilnost-2026,elektromobilnost-2026-jmev-yi,2,Pogon,Prednji,"Postojeci JMEV katalog/fixture",yes,
elektromobilnost-2026,elektromobilnost-2026-jmev-yi,3,Domet (NEDC),500 km,"Postojeci JMEV katalog/fixture",yes,
elektromobilnost-2026,elektromobilnost-2026-jmev-yi,4,Kapacitet baterije,63 kWh,"Postojeci JMEV katalog/fixture",yes,
elektromobilnost-2026,elektromobilnost-2026-jmev-yi,5,Maksimalna brzina,140 km/h,"Postojeci JMEV katalog/fixture",yes,
elektromobilnost-2026,elektromobilnost-2026-jmev-yi,6,Ubrzanje 0-50 km/h,"3,9 s","Postojeci JMEV katalog/fixture",yes,
elektromobilnost-2026,elektromobilnost-2026-jmev-yi,7,DC punjenje,30 min,"Postojeci JMEV katalog/fixture",yes,
elektromobilnost-2026,elektromobilnost-2026-jmev-yi,8,Dimenzije,4675 x 1835 x 1480 mm,"Postojeci JMEV katalog/fixture",yes,
elektromobilnost-2026,elektromobilnost-2026-jmev-ewind,1,Snaga,165 kW,"Postojeci JMEV katalog/fixture",yes,
elektromobilnost-2026,elektromobilnost-2026-jmev-ewind,2,Obrtni moment,210 Nm,"Postojeci JMEV katalog/fixture",yes,
elektromobilnost-2026,elektromobilnost-2026-jmev-ewind,3,Domet (CLTC),610 km,"Postojeci JMEV katalog/fixture",yes,
elektromobilnost-2026,elektromobilnost-2026-jmev-ewind,4,Kapacitet baterije,"70,38 kWh","Postojeci JMEV katalog/fixture",yes,
elektromobilnost-2026,elektromobilnost-2026-jmev-ewind,5,Maksimalna brzina,160 km/h,"Postojeci JMEV katalog/fixture",yes,
elektromobilnost-2026,elektromobilnost-2026-jmev-ewind,6,Ubrzanje 0-100 km/h,"8,9 s","Postojeci JMEV katalog/fixture",yes,
elektromobilnost-2026,elektromobilnost-2026-jmev-ewind,7,DC punjenje 30-80%,25 min,"Postojeci JMEV katalog/fixture",yes,
elektromobilnost-2026,elektromobilnost-2026-jmev-ewind,8,Prtljaznik,450 l,"Postojeci JMEV katalog/fixture",yes,
elektromobilnost-2026,elektromobilnost-2026-mazda-cx-5,1,Snaga,141 KS (104 kW),"Izlagaci/Mazda x Chery/MAZDA/SAJAM MAZDA CX5.pdf",yes,
elektromobilnost-2026,elektromobilnost-2026-mazda-cx-5,2,Obrtni moment,238 Nm,"Izlagaci/Mazda x Chery/MAZDA/SAJAM MAZDA CX5.pdf",yes,
elektromobilnost-2026,elektromobilnost-2026-mazda-cx-5,3,Pogon,Prednji,"Izlagaci/Mazda x Chery/MAZDA/SAJAM MAZDA CX5.pdf",yes,
elektromobilnost-2026,elektromobilnost-2026-mazda-cx-5,4,Ubrzanje 0-100 km/h,"10,5 s","Izlagaci/Mazda x Chery/MAZDA/SAJAM MAZDA CX5.pdf",yes,
elektromobilnost-2026,elektromobilnost-2026-mazda-cx-5,5,Maksimalna brzina,187 km/h,"Izlagaci/Mazda x Chery/MAZDA/SAJAM MAZDA CX5.pdf",yes,
elektromobilnost-2026,elektromobilnost-2026-mazda-cx-5,6,WLTP potrosnja,7 l/100 km,"Izlagaci/Mazda x Chery/MAZDA/SAJAM MAZDA CX5.pdf",yes,
elektromobilnost-2026,elektromobilnost-2026-mazda-cx-5,7,Prtljaznik,583 l,"Izlagaci/Mazda x Chery/MAZDA/SAJAM MAZDA CX5.pdf",yes,
elektromobilnost-2026,elektromobilnost-2026-mazda-cx-5,8,Motor,2.5L e-SKYACTIV G,"Izlagaci/Mazda x Chery/MAZDA/SAJAM MAZDA CX5.pdf",yes,
elektromobilnost-2026,elektromobilnost-2026-mazda-cx-60,1,Sistemska snaga,327 KS,"Izlagaci/Mazda x Chery/MAZDA/SAJAM MAZDA CX60.pdf",yes,
elektromobilnost-2026,elektromobilnost-2026-mazda-cx-60,2,Sistemski obrtni moment,500 Nm,"Izlagaci/Mazda x Chery/MAZDA/SAJAM MAZDA CX60.pdf",yes,
elektromobilnost-2026,elektromobilnost-2026-mazda-cx-60,3,Pogon,Na sva cetiri tocka,"Izlagaci/Mazda x Chery/MAZDA/SAJAM MAZDA CX60.pdf",yes,
elektromobilnost-2026,elektromobilnost-2026-mazda-cx-60,4,Kapacitet baterije,"17,8 kWh","Izlagaci/Mazda x Chery/MAZDA/SAJAM MAZDA CX60.pdf",yes,
elektromobilnost-2026,elektromobilnost-2026-mazda-cx-60,5,Ubrzanje 0-100 km/h,"5,8 s","Izlagaci/Mazda x Chery/MAZDA/SAJAM MAZDA CX60.pdf",yes,
elektromobilnost-2026,elektromobilnost-2026-mazda-cx-60,6,Maksimalna brzina,200 km/h,"Izlagaci/Mazda x Chery/MAZDA/SAJAM MAZDA CX60.pdf",yes,
elektromobilnost-2026,elektromobilnost-2026-mazda-cx-60,7,WLTP potrosnja,"3,8 l/100 km","Izlagaci/Mazda x Chery/MAZDA/SAJAM MAZDA CX60.pdf",yes,
elektromobilnost-2026,elektromobilnost-2026-mazda-cx-60,8,Prtljaznik,570 l,"Izlagaci/Mazda x Chery/MAZDA/SAJAM MAZDA CX60.pdf",yes,
elektromobilnost-2026,elektromobilnost-2026-mazda-cx-6e,1,Snaga,258 KS (190 kW),"Izlagaci/Mazda x Chery/MAZDA/SAJAM MAZDA CX6e.pdf",yes,
elektromobilnost-2026,elektromobilnost-2026-mazda-cx-6e,2,Obrtni moment,290 Nm,"Izlagaci/Mazda x Chery/MAZDA/SAJAM MAZDA CX6e.pdf",yes,
elektromobilnost-2026,elektromobilnost-2026-mazda-cx-6e,3,Domet (WLTP),468 km,"Izlagaci/Mazda x Chery/MAZDA/SAJAM MAZDA CX6e.pdf",yes,
elektromobilnost-2026,elektromobilnost-2026-mazda-cx-6e,4,Kapacitet baterije,78 kWh,"Izlagaci/Mazda x Chery/MAZDA/SAJAM MAZDA CX6e.pdf",yes,
elektromobilnost-2026,elektromobilnost-2026-mazda-cx-6e,5,Ubrzanje 0-100 km/h,"7,9 s","Izlagaci/Mazda x Chery/MAZDA/SAJAM MAZDA CX6e.pdf",yes,
elektromobilnost-2026,elektromobilnost-2026-mazda-cx-6e,6,DC punjenje,Do 195 kW,"Izlagaci/Mazda x Chery/MAZDA/SAJAM MAZDA CX6e.pdf",yes,"PDF navodi i 165 kW; izabrana maksimalna vrednost sa iste specifikacije"
elektromobilnost-2026,elektromobilnost-2026-mazda-cx-6e,7,AC punjenje,11 kW,"Izlagaci/Mazda x Chery/MAZDA/SAJAM MAZDA CX6e.pdf",yes,
elektromobilnost-2026,elektromobilnost-2026-mazda-cx-6e,8,Prtljaznik,468 l,"Izlagaci/Mazda x Chery/MAZDA/SAJAM MAZDA CX6e.pdf",yes,
elektromobilnost-2026,elektromobilnost-2026-chery-arrizo-8-phev,1,Kombinovana snaga,205 kW (278 KS),"Izlagaci/Mazda x Chery/CHERY/ARRIZO 8 PHEV.pdf",yes,
elektromobilnost-2026,elektromobilnost-2026-chery-arrizo-8-phev,2,Kombinovani obrtni moment,365 Nm,"Izlagaci/Mazda x Chery/CHERY/ARRIZO 8 PHEV.pdf",yes,
elektromobilnost-2026,elektromobilnost-2026-chery-arrizo-8-phev,3,Kapacitet baterije,"18,3 kWh","Izlagaci/Mazda x Chery/CHERY/ARRIZO 8 PHEV.pdf",yes,
elektromobilnost-2026,elektromobilnost-2026-chery-arrizo-8-phev,4,Ubrzanje 0-100 km/h,"7,8 s","Izlagaci/Mazda x Chery/CHERY/ARRIZO 8 PHEV.pdf",yes,
elektromobilnost-2026,elektromobilnost-2026-chery-arrizo-8-phev,5,Maksimalna brzina,185 km/h,"Izlagaci/Mazda x Chery/CHERY/ARRIZO 8 PHEV.pdf",yes,
elektromobilnost-2026,elektromobilnost-2026-chery-arrizo-8-phev,6,Domet,1400 km,"Izlagaci/Mazda x Chery/CHERY/ARRIZO 8 PHEV.pdf",yes,
elektromobilnost-2026,elektromobilnost-2026-chery-arrizo-8-phev,7,Prosecna potrosnja,"0,7 l/100 km","Izlagaci/Mazda x Chery/CHERY/ARRIZO 8 PHEV.pdf",yes,
elektromobilnost-2026,elektromobilnost-2026-chery-arrizo-8-phev,8,Prtljaznik,402 l,"Izlagaci/Mazda x Chery/CHERY/ARRIZO 8 PHEV.pdf",yes,
elektromobilnost-2026,elektromobilnost-2026-chery-tiggo-4-pro-hev,1,Sistemska snaga,120 kW (163 KS),"Izlagaci/Mazda x Chery/CHERY/TIGGO 4 HEV.pdf",yes,
elektromobilnost-2026,elektromobilnost-2026-chery-tiggo-4-pro-hev,2,Sistemski obrtni moment,260 Nm,"Izlagaci/Mazda x Chery/CHERY/TIGGO 4 HEV.pdf",yes,
elektromobilnost-2026,elektromobilnost-2026-chery-tiggo-4-pro-hev,3,Pogon,Prednji,"Izlagaci/Mazda x Chery/CHERY/TIGGO 4 HEV.pdf",yes,
elektromobilnost-2026,elektromobilnost-2026-chery-tiggo-4-pro-hev,4,Ubrzanje 0-100 km/h,"9,4 s","Izlagaci/Mazda x Chery/CHERY/TIGGO 4 HEV.pdf",yes,
elektromobilnost-2026,elektromobilnost-2026-chery-tiggo-4-pro-hev,5,Prosecna potrosnja,"5,3 l/100 km","Izlagaci/Mazda x Chery/CHERY/TIGGO 4 HEV.pdf",yes,
elektromobilnost-2026,elektromobilnost-2026-chery-tiggo-4-pro-hev,6,Dimenzije,4320 x 1831 x 1646 mm,"Izlagaci/Mazda x Chery/CHERY/TIGGO 4 HEV.pdf",yes,
elektromobilnost-2026,elektromobilnost-2026-chery-tiggo-4-pro-hev,7,Prtljaznik,310 l (470 l bez police),"Izlagaci/Mazda x Chery/CHERY/TIGGO 4 HEV.pdf",yes,
elektromobilnost-2026,elektromobilnost-2026-chery-tiggo-4-pro-hev,8,Pneumatici,215/60 R17,"Izlagaci/Mazda x Chery/CHERY/TIGGO 4 HEV.pdf",yes,
elektromobilnost-2026,elektromobilnost-2026-chery-tiggo-9-phev,1,Kombinovana snaga,315 kW (428 KS),"Izlagaci/Mazda x Chery/CHERY/TIGGO 9 PHEV.pdf",yes,
elektromobilnost-2026,elektromobilnost-2026-chery-tiggo-9-phev,2,Kombinovani obrtni moment,580 Nm,"Izlagaci/Mazda x Chery/CHERY/TIGGO 9 PHEV.pdf",yes,
elektromobilnost-2026,elektromobilnost-2026-chery-tiggo-9-phev,3,Pogon,Na sva cetiri tocka,"Izlagaci/Mazda x Chery/CHERY/TIGGO 9 PHEV.pdf",yes,
elektromobilnost-2026,elektromobilnost-2026-chery-tiggo-9-phev,4,Kapacitet baterije,"34,46 kWh","Izlagaci/Mazda x Chery/CHERY/TIGGO 9 PHEV.pdf",yes,
elektromobilnost-2026,elektromobilnost-2026-chery-tiggo-9-phev,5,Ubrzanje 0-100 km/h,"5,4 s","Izlagaci/Mazda x Chery/CHERY/TIGGO 9 PHEV.pdf",yes,
elektromobilnost-2026,elektromobilnost-2026-chery-tiggo-9-phev,6,Domet,1400 km,"Izlagaci/Mazda x Chery/CHERY/TIGGO 9 PHEV.pdf",yes,
elektromobilnost-2026,elektromobilnost-2026-chery-tiggo-9-phev,7,DC punjenje 30-80%,18 min,"Izlagaci/Mazda x Chery/CHERY/TIGGO 9 PHEV.pdf",yes,
elektromobilnost-2026,elektromobilnost-2026-chery-tiggo-9-phev,8,Broj sedista,7,"Izlagaci/Mazda x Chery/CHERY/TIGGO 9 PHEV.pdf",yes,
elektromobilnost-2026,elektromobilnost-2026-foton-etunland,1,Snaga,130 kW,"Foton brosura eTunland",yes,
elektromobilnost-2026,elektromobilnost-2026-foton-etunland,2,Obrtni moment,330 Nm,"Foton brosura eTunland",yes,
elektromobilnost-2026,elektromobilnost-2026-foton-etunland,3,Domet (WLTP),400 km,"Foton brosura eTunland",yes,
elektromobilnost-2026,elektromobilnost-2026-foton-etunland,4,Kapacitet baterije,"88,55 kWh","Foton brosura eTunland",yes,
elektromobilnost-2026,elektromobilnost-2026-foton-etunland,5,DC punjenje,70 kW / oko 1 h 12 min,"Foton brosura eTunland",yes,
elektromobilnost-2026,elektromobilnost-2026-foton-etunland,6,AC punjenje,11 kW / oko 7 h,"Foton brosura eTunland",yes,
elektromobilnost-2026,elektromobilnost-2026-foton-etunland,7,Pogon,Zadnji 4x2,"Foton brosura eTunland",yes,
elektromobilnost-2026,elektromobilnost-2026-foton-etunland,8,Maksimalna brzina,120 km/h,"Foton brosura eTunland",yes,
elektromobilnost-2026,elektromobilnost-2026-foton-eview,1,Snaga,85 kW,"Foton brosura eView",yes,
elektromobilnost-2026,elektromobilnost-2026-foton-eview,2,Domet (WLTP),195 km,"Foton brosura eView",yes,
elektromobilnost-2026,elektromobilnost-2026-foton-eview,3,Kapacitet baterije,"50,23 kWh","Foton brosura eView",yes,
elektromobilnost-2026,elektromobilnost-2026-foton-eview,4,DC punjenje 20-80%,40 min,"Foton brosura eView",yes,
elektromobilnost-2026,elektromobilnost-2026-foton-eview,5,AC punjenje 20-80%,5 h,"Foton brosura eView",yes,
elektromobilnost-2026,elektromobilnost-2026-foton-eview,6,Tovarni prostor,"7,1 m3","Foton brosura eView",yes,
elektromobilnost-2026,elektromobilnost-2026-foton-eview,7,Dimenzije,5340 x 1695 x 1990 mm,"Foton brosura eView",yes,
elektromobilnost-2026,elektromobilnost-2026-foton-eview,8,Nosivost,Do 1200 kg,"Foton brosura eView",yes,
elektromobilnost-2026,elektromobilnost-2026-foton-eview-grand,1,Snaga,135 kW,"Foton brosura eView Grand",yes,
elektromobilnost-2026,elektromobilnost-2026-foton-eview-grand,2,Obrtni moment,330 Nm,"Foton brosura eView Grand",yes,
elektromobilnost-2026,elektromobilnost-2026-foton-eview-grand,3,Domet (WLTP),351 km,"Foton brosura eView Grand",yes,
elektromobilnost-2026,elektromobilnost-2026-foton-eview-grand,4,Kapacitet baterije,"77,28 kWh","Foton brosura eView Grand",yes,
elektromobilnost-2026,elektromobilnost-2026-foton-eview-grand,5,DC punjenje 20-80%,60 min,"Foton brosura eView Grand",yes,
elektromobilnost-2026,elektromobilnost-2026-foton-eview-grand,6,Tovarni prostor,"7,4 m3","Foton brosura eView Grand",yes,
elektromobilnost-2026,elektromobilnost-2026-foton-eview-grand,7,Nosivost,1130 kg,"Foton brosura eView Grand",yes,
elektromobilnost-2026,elektromobilnost-2026-foton-eview-grand,8,Maksimalna brzina,120 km/h,"Foton brosura eView Grand",yes,
elektromobilnost-2026,elektromobilnost-2026-foton-cavan-c1-plus,1,Snaga,125 kW,"Foton brosura Cavan C1 Plus",yes,
elektromobilnost-2026,elektromobilnost-2026-foton-cavan-c1-plus,2,Obrtni moment,210 Nm,"Foton brosura Cavan C1 Plus",yes,
elektromobilnost-2026,elektromobilnost-2026-foton-cavan-c1-plus,3,Domet (WLTP),310 km,"Foton brosura Cavan C1 Plus",yes,
elektromobilnost-2026,elektromobilnost-2026-foton-cavan-c1-plus,4,Kapacitet baterije,"66,47 kWh","Foton brosura Cavan C1 Plus",yes,
elektromobilnost-2026,elektromobilnost-2026-foton-cavan-c1-plus,5,DC punjenje 20-80%,40 min,"Foton brosura Cavan C1 Plus",yes,
elektromobilnost-2026,elektromobilnost-2026-foton-cavan-c1-plus,6,AC punjenje 20-80%,5 h,"Foton brosura Cavan C1 Plus",yes,
elektromobilnost-2026,elektromobilnost-2026-foton-cavan-c1-plus,7,Tovarni prostor,"8,4 m3","Foton brosura Cavan C1 Plus",yes,
elektromobilnost-2026,elektromobilnost-2026-foton-cavan-c1-plus,8,Nosivost,1425 kg,"Foton brosura Cavan C1 Plus",yes,
elektromobilnost-2026,elektromobilnost-2026-yudo-air,1,Snaga,160 kW,https://www.ferum-doo.com/product-page/jy-air,yes,
elektromobilnost-2026,elektromobilnost-2026-yudo-air,2,Obrtni moment,250 Nm,https://www.ferum-doo.com/product-page/jy-air,yes,
elektromobilnost-2026,elektromobilnost-2026-yudo-air,3,Domet (WLTP),430 km,https://www.ferum-doo.com/product-page/jy-air,yes,
elektromobilnost-2026,elektromobilnost-2026-yudo-air,4,Kapacitet baterije,"64,1 kWh",https://www.ferum-doo.com/product-page/jy-air,yes,
elektromobilnost-2026,elektromobilnost-2026-yudo-air,5,DC punjenje 10-80%,36 min,https://www.ferum-doo.com/product-page/jy-air,yes,
elektromobilnost-2026,elektromobilnost-2026-yudo-air,6,AC punjenje,11 kW,https://www.ferum-doo.com/product-page/jy-air,yes,
elektromobilnost-2026,elektromobilnost-2026-yudo-air,7,Ubrzanje 0-100 km/h,"< 7,9 s",https://www.ferum-doo.com/product-page/jy-air,yes,
elektromobilnost-2026,elektromobilnost-2026-yudo-air,8,Prtljaznik,420 l,https://www.ferum-doo.com/product-page/jy-air,yes,
elektromobilnost-2026,elektromobilnost-2026-bentu-mango,1,Domet,Do 170 km,https://bentu.rs,yes,
elektromobilnost-2026,elektromobilnost-2026-bentu-mango,2,Maksimalna brzina,90 km/h,https://bentu.rs,yes,
elektromobilnost-2026,elektromobilnost-2026-bentu-mango,3,Maksimalna snaga,22 kW,https://bentu.rs,yes,
elektromobilnost-2026,elektromobilnost-2026-bentu-mango,4,Kapacitet baterije,"13,9 kWh",https://bentu.rs,yes,
elektromobilnost-2026,elektromobilnost-2026-bentu-mango,5,Punjenje do 100%,6-6.5 h,https://bentu.rs,yes,
elektromobilnost-2026,elektromobilnost-2026-bentu-mango,6,Pogon,Zadnji,https://bentu.rs,yes,
elektromobilnost-2026,elektromobilnost-2026-bentu-mango,7,Broj sedista,2 ili 4,https://bentu.rs,yes,
elektromobilnost-2026,elektromobilnost-2026-bentu-mango,8,Dimenzije,3 x 1.5 x 1.6 m,https://bentu.rs,yes,


